code,category,value,areaName,cx,cy,country,region,Constituency,LA,MSOA,TTWA2011
E06000001,popDensity,985.5,Hartlepool,448118,530661,E92000001,E12000001,E14000733,,,
E06000002,popDensity,2671.2,Middlesbrough,450380,516653,E92000001,E12000001,E14000819,,,
E06000003,popDensity,557.1,Redcar and Cleveland,463383,518023,E92000001,E12000001,E14000820,,,
E06000004,popDensity,959.3,Stockton-on-Tees,443484,518785,E92000001,E12000001,E14000970,,,
E06000005,popDensity,545.9,Darlington,429038,517147,E92000001,E12000001,E14000658,,,
E06000006,popDensity,1624.3,Halton,352162,383230,E92000001,E12000002,E14000725,,,
E06000011,popDensity,142.4,East Riding of Yorkshire,499908,442365,E92000001,E12000003,E14000556,,,
E06000012,popDensity,815,North East Lincolnshire,523749,406881,E92000001,E12000003,E14000643,,,
E06000014,popDensity,745.8,York,461737,451799,E92000001,E12000003,E14001062,,,
E06000015,popDensity,3349.5,Derby,435851,335169,E92000001,E12000004,E14000662,,,
E06000017,popDensity,107.5,Rutland,491121,307844,E92000001,E12000004,E14000909,,,
E06000018,popDensity,4337.6,Nottingham,455451,340739,E92000001,E12000004,E14000865,,,
E06000019,popDensity,85.8,Herefordshire,349035,245285,E92000001,E12000005,E14000743,,,
E06000020,popDensity,639.1,Telford and Wrekin,367109,314837,E92000001,E12000005,E14000989,,,
E06000021,popDensity,2764.8,Stoke-on-Trent,389018,346716,E92000001,E12000005,E14000974,,,
E06000023,popDensity,4308.1,Bristol,346546,172919,E92000001,E12000009,E14000599,,,
E06000024,popDensity,579.9,North Somerset,344429,165882,E92000001,E12000009,E14000850,,,
E06000026,popDensity,3314.8,Plymouth,249389,56735,E92000001,E12000009,E14000879,,,
E06000027,popDensity,2215.6,Torbay,291417,61223,E92000001,E12000009,E14000999,,,
E06000031,popDensity,628.1,Peterborough,518343,302621,E92000001,E12000006,E14000855,,,
E06000032,popDensity,5196,Luton,508515,222915,E92000001,E12000006,E14000801,,,
E06000035,popDensity,1444.2,Medway,578769,172759,E92000001,E12000008,E14000626,,,
E06000036,popDensity,1139.2,Bracknell Forest,487739,168395,E92000001,E12000008,E14000586,,,
E06000037,popDensity,229.3,West Berkshire,448409,172535,E92000001,E12000008,E14000830,,,
E06000038,popDensity,4312.6,Reading,470639,173186,E92000001,E12000008,E14000889,,,
E06000039,popDensity,4871.5,Slough,498180,179746,E92000001,E12000008,E14000930,,,
E06000040,popDensity,781.1,Windsor and Maidenhead,490435,177040,E92000001,E12000008,E14000803,,,
E06000041,popDensity,991.7,Wokingham,477672,170613,E92000001,E12000008,E14000586,,,
E06000042,popDensity,930.1,Milton Keynes,486881,243629,E92000001,E12000008,E14000821,,,
E06000043,popDensity,3345.3,Brighton and Hove,531606,106526,E92000001,E12000008,E14000597,,,
E06000044,popDensity,5149.8,Portsmouth,465010,102752,E92000001,E12000008,E14000883,,,
E06000045,popDensity,4990.5,Southampton,442376,113232,E92000001,E12000008,E14000901,,,
E06000047,popDensity,234.5,County Durham,410446,533389,E92000001,E12000001,E14000840,,,
E06000050,popDensity,388.2,Cheshire West and Chester,350919,367257,E92000001,E12000002,E14000640,,,
E06000051,popDensity,101.2,Shropshire,350424,304422,E92000001,E12000005,E14000992,,,
E06000053,popDensity,125.9,Isles of Scilly,91546,11139,E92000001,E12000009,E14000964,,,
E06000054,popDensity,156.8,Wiltshire,403934,155301,E92000001,E12000009,E14000954,,,
E06000055,popDensity,388.8,Bedford,504237,255656,E92000001,E12000006,E14000552,,,
E06000056,popDensity,411.2,Central Bedfordshire,507413,235392,E92000001,E12000006,E14000801,,,
E06000057,popDensity,63.9,Northumberland,395886,594161,E92000001,E12000001,E14000554,,,
E06000058,popDensity,2469.2,Bournemouth Christchurch and Poole,408362,94131,E92000001,E12000009,E14000584,,,
E06000059,popDensity,152.4,Dorset,376581,100771,E92000001,E12000009,E14000638,,,
E06000060,popDensity,353.4,Buckinghamshire,482081,210241,E92000001,E12000008,E14000631,,,
E06000061,popDensity,364.4,North Northamptonshire,493494,281667,E92000001,E12000004,E14000648,,,
E06000062,popDensity,309.1,West Northamptonshire,465908,258722,E92000001,E12000004,E14000660,,,
E07000008,popDensity,3579.2,Cambridge,545770,257755,E92000001,E12000006,E14000934,,,
E07000009,popDensity,134.8,East Cambridgeshire,556466,274112,E92000001,E12000006,E14000842,,,
E07000010,popDensity,187.5,Fenland,539807,298084,E92000001,E12000006,E14000842,,,
E07000012,popDensity,179.8,South Cambridgeshire,542444,254795,E92000001,E12000006,E14000934,,,
E07000026,popDensity,77.4,Allerdale,319765,535836,E92000001,E12000002,E14000647,,,
E07000027,popDensity,865.3,Barrow-in-Furness,320831,470657,E92000001,E12000002,E14000543,,,
E07000028,popDensity,106,Carlisle,348339,564335,E92000001,E12000002,E14000620,,,
E07000029,popDensity,91.7,Copeland,310947,502927,E92000001,E12000002,E14000647,,,
E07000030,popDensity,25.5,Eden,359952,524354,E92000001,E12000002,E14000877,,,
E07000031,popDensity,68,South Lakeland,344716,488871,E92000001,E12000002,E14000543,,,
E07000032,popDensity,475.6,Amber Valley,435845,348157,E92000001,E12000004,E14000533,,,
E07000033,popDensity,500.7,Bolsover,448358,368917,E92000001,E12000004,E14000577,,,
E07000034,popDensity,1568.4,Chesterfield,440052,373318,E92000001,E12000004,E14000632,,,
E07000035,popDensity,90.3,Derbyshire Dales,420549,359062,E92000001,E12000004,E14000664,,,
E07000036,popDensity,1029.9,Erewash,443979,337734,E92000001,E12000004,E14000695,,,
E07000037,popDensity,168.7,High Peak,408491,386271,E92000001,E12000004,E14000748,,,
E07000038,popDensity,370.1,North East Derbyshire,436969,370027,E92000001,E12000004,E14000577,,,
E07000041,popDensity,2780,Exeter,293498,92447,E92000001,E12000009,E14000698,,,
E07000042,popDensity,90.8,Mid Devon,290588,109637,E92000001,E12000009,E14000623,,,
E07000043,popDensity,90.8,North Devon,265967,131782,E92000001,E12000009,E14000838,,,
E07000045,popDensity,200.1,Teignbridge,282849,79821,E92000001,E12000009,E14000623,,,
E07000046,popDensity,69.2,Torridge,241935,112003,E92000001,E12000009,E14001000,,,
E07000047,popDensity,49.2,West Devon,255465,86000,E92000001,E12000009,E14000623,,,
E07000061,popDensity,2302.6,Eastbourne,559822,99749,E92000001,E12000008,E14000684,,,
E07000062,popDensity,3053.9,Hastings,580952,110924,E92000001,E12000008,E14000735,,,
E07000063,popDensity,342,Lewes,541167,111026,E92000001,E12000008,E14000597,,,
E07000067,popDensity,253.8,Braintree,578133,230213,E92000001,E12000006,E14000590,,,
E07000068,popDensity,503.2,Brentwood,559999,195829,E92000001,E12000006,E14000594,,,
E07000069,popDensity,2005.4,Castle Point,579982,185122,E92000001,E12000006,E14000622,,,
E07000070,popDensity,535.9,Chelmsford,571456,205876,E92000001,E12000006,E14000806,,,
E07000071,popDensity,587.2,Colchester,597077,223202,E92000001,E12000006,E14000644,,,
E07000072,popDensity,398.2,Epping Forest,548522,203300,E92000001,E12000006,E14000693,,,
E07000074,popDensity,185,Maldon,592438,204831,E92000001,E12000006,E14000806,,,
E07000076,popDensity,440.9,Tendring,614571,223776,E92000001,E12000006,E14000642,,,
E07000079,popDensity,78,Cotswold,407474,213072,E92000001,E12000009,E14000991,,,
E07000080,popDensity,165.4,Forest of Dean,366318,214546,E92000001,E12000009,E14000705,,,
E07000082,popDensity,263,Stroud,379361,203473,E92000001,E12000009,E14000980,,,
E07000084,popDensity,292.1,Basingstoke and Deane,455819,153006,E92000001,E12000008,E14000545,,,
E07000085,popDensity,244.4,East Hampshire,473316,131076,E92000001,E12000008,E14000811,,,
E07000086,popDensity,1712.1,Eastleigh,447331,115065,E92000001,E12000008,E14000685,,,
E07000087,popDensity,1542.1,Fareham,454571,106165,E92000001,E12000008,E14000699,,,
E07000088,popDensity,3229.8,Gosport,459361,100995,E92000001,E12000008,E14000713,,,
E07000089,popDensity,461.8,Hart,476958,154529,E92000001,E12000008,E14000844,,,
E07000091,popDensity,233.7,New Forest,426464,106633,E92000001,E12000008,E14000828,,,
E07000092,popDensity,2554.9,Rushmoor,486069,153516,E92000001,E12000008,E14000530,,,
E07000093,popDensity,207.9,Test Valley,434314,136669,E92000001,E12000008,E14000857,,,
E07000094,popDensity,192.8,Winchester,454712,125708,E92000001,E12000008,E14001041,,,
E07000095,popDensity,1924.9,Broxbourne,534904,204646,E92000001,E12000006,E14000606,,,
E07000096,popDensity,729.8,Dacorum,500758,209858,E92000001,E12000006,E14000739,,,
E07000098,popDensity,1065.9,Hertsmere,518976,199022,E92000001,E12000006,E14000745,,,
E07000099,popDensity,354.9,North Hertfordshire,524291,230523,E92000001,E12000006,E14000749,,,
E07000102,popDensity,1055.8,Three Rivers,506561,196949,E92000001,E12000006,E14000951,,,
E07000106,popDensity,509.9,Canterbury,616375,158359,E92000001,E12000008,E14000619,,,
E07000107,popDensity,1605.3,Dartford,556785,172676,E92000001,E12000008,E14000659,,,
E07000108,popDensity,369.2,Dover,629815,151044,E92000001,E12000008,E14000670,,,
E07000109,popDensity,1079.9,Gravesham,566746,170115,E92000001,E12000008,E14000715,,,
E07000110,popDensity,446.9,Maidstone,580248,151563,E92000001,E12000008,E14000804,,,
E07000111,popDensity,326.4,Sevenoaks,551567,155211,E92000001,E12000008,E14000659,,,
E07000113,popDensity,406.2,Swale,595988,164044,E92000001,E12000008,E14000700,,,
E07000114,popDensity,1356.9,Thanet,632674,166985,E92000001,E12000008,E14000852,,,
E07000115,popDensity,550.6,Tonbridge and Malling,564511,155282,E92000001,E12000008,E14000626,,,
E07000116,popDensity,348,Tunbridge Wells,570254,137789,E92000001,E12000008,E14000804,,,
E07000117,popDensity,855,Burnley,385506,431414,E92000001,E12000002,E14000609,,,
E07000118,popDensity,580.6,Chorley,357265,418497,E92000001,E12000002,E14000637,,,
E07000121,popDensity,252.1,Lancaster,353328,463919,E92000001,E12000002,E14000776,,,
E07000122,popDensity,565.4,Pendle,387886,441045,E92000001,E12000002,E14000875,,,
E07000123,popDensity,1039,Preston,354185,435253,E92000001,E12000002,E14000706,,,
E07000125,popDensity,513.4,Rossendale,382473,421988,E92000001,E12000002,E14000902,,,
E07000126,popDensity,981.4,South Ribble,353203,425975,E92000001,E12000002,E14000894,,,
E07000127,popDensity,338.8,West Lancashire,341717,412911,E92000001,E12000002,E14001033,,,
E07000128,popDensity,396.7,Wyre,344008,445536,E92000001,E12000002,E14000572,,,
E07000129,popDensity,788.9,Blaby,452852,297375,E92000001,E12000004,E14000940,,,
E07000130,popDensity,659.2,Charnwood,457739,315833,E92000001,E12000004,E14000625,,,
E07000131,popDensity,165,Harborough,467383,293977,E92000001,E12000004,E14000940,,,
E07000132,popDensity,382.2,Hinckley and Bosworth,441354,302271,E92000001,E12000004,E14000583,,,
E07000133,popDensity,107.5,Melton,477226,322729,E92000001,E12000004,E14000909,,,
E07000134,popDensity,374.8,North West Leicestershire,440239,317453,E92000001,E12000004,E14000858,,,
E07000135,popDensity,2454.9,Oadby and Wigston,461524,299185,E92000001,E12000004,E14000728,,,
E07000137,popDensity,80.5,East Lindsey,535540,374440,E92000001,E12000004,E14000582,,,
E07000138,popDensity,2908.9,Lincoln,496573,370718,E92000001,E12000004,E14000792,,,
E07000139,popDensity,128,North Kesteven,504210,354897,E92000001,E12000004,E14000792,,,
E07000140,popDensity,126.8,South Holland,532780,324067,E92000001,E12000004,E14000939,,,
E07000141,popDensity,152.1,South Kesteven,499893,329594,E92000001,E12000004,E14000714,,,
E07000143,popDensity,108.4,Breckland,592273,302678,E92000001,E12000006,E14000816,,,
E07000144,popDensity,238.6,Broadland,623735,316663,E92000001,E12000006,E14000863,,,
E07000145,popDensity,572.2,Great Yarmouth,647815,311075,E92000001,E12000006,E14000717,,,
E07000146,popDensity,107.2,Kings Lynn and West Norfolk,566910,317216,E92000001,E12000006,E14000952,,,
E07000148,popDensity,3688.2,Norwich,622020,308886,E92000001,E12000006,E14000864,,,
E07000149,popDensity,156.4,South Norfolk,622377,295780,E92000001,E12000006,E14000816,,,
E07000163,popDensity,48.4,Craven,388715,464893,E92000001,E12000003,E14000928,,,
E07000164,popDensity,69.2,Hambleton,444420,488149,E92000001,E12000003,E14000895,,,
E07000165,popDensity,124.4,Harrogate,426573,463534,E92000001,E12000003,E14000730,,,
E07000166,popDensity,37.7,Richmondshire,404370,496225,E92000001,E12000003,E14000895,,,
E07000167,popDensity,36.3,Ryedale,475009,480011,E92000001,E12000003,E14000993,,,
E07000169,popDensity,153.5,Selby,457071,432688,E92000001,E12000003,E14000917,,,
E07000170,popDensity,1152.8,Ashfield,449768,355201,E92000001,E12000004,E14000535,,,
E07000171,popDensity,184.7,Bassetlaw,469431,382275,E92000001,E12000004,E14000546,,,
E07000172,popDensity,1385,Broxtowe,449657,342283,E92000001,E12000004,E14000535,,,
E07000173,popDensity,977.4,Gedling,459166,348277,E92000001,E12000004,E14000710,,,
E07000175,popDensity,188.8,Newark and Sherwood,472378,359080,E92000001,E12000004,E14000829,,,
E07000176,popDensity,291,Rushcliffe,464834,334124,E92000001,E12000004,E14000908,,,
E07000177,popDensity,273.5,Cherwell,449860,229130,E92000001,E12000008,E14000539,,,
E07000178,popDensity,3553,Oxford,452441,206500,E92000001,E12000008,E14000874,,,
E07000179,popDensity,219.7,South Oxfordshire,464397,193175,E92000001,E12000008,E14000742,,,
E07000180,popDensity,240.5,Vale of White Horse,438787,192976,E92000001,E12000008,E14001015,,,
E07000181,popDensity,159.9,West Oxfordshire,434067,215553,E92000001,E12000008,E14001046,,,
E07000187,popDensity,157,Mendip,362056,144991,E92000001,E12000009,E14000932,,,
E07000188,popDensity,222.2,Sedgemoor,333465,143276,E92000001,E12000009,E14001026,,,
E07000189,popDensity,180,South Somerset,350246,121192,E92000001,E12000009,E14000932,,,
E07000192,popDensity,1274.3,Cannock Chase,401418,312745,E92000001,E12000005,E14000618,,,
E07000193,popDensity,320.5,East Staffordshire,412763,329519,E92000001,E12000005,E14000610,,,
E07000194,popDensity,321.3,Lichfield,413297,310036,E92000001,E12000005,E14000791,,,
E07000195,popDensity,584.5,Newcastle-under-Lyme,378749,344081,E92000001,E12000005,E14000834,,,
E07000196,popDensity,271.2,South Staffordshire,388140,303026,E92000001,E12000005,E14000945,,,
E07000197,popDensity,228.8,Stafford,388230,327866,E92000001,E12000005,E14000975,,,
E07000199,popDensity,2549.6,Tamworth,421984,303220,E92000001,E12000005,E14000986,,,
E07000200,popDensity,155.5,Babergh,599986,243163,E92000001,E12000006,E14000946,,,
E07000203,popDensity,117.9,Mid Suffolk,611211,265459,E92000001,E12000006,E14000624,,,
E07000207,popDensity,1459.6,Elmbridge,512060,163238,E92000001,E12000008,E14000697,,,
E07000208,popDensity,2375.4,Epsom and Ewell,521188,161461,E92000001,E12000008,E14000694,,,
E07000209,popDensity,530.2,Guildford,500446,150851,E92000001,E12000008,E14000719,,,
E07000210,popDensity,338.3,Mole Valley,517049,147214,E92000001,E12000008,E14000694,,,
E07000211,popDensity,1168.1,Reigate and Banstead,526286,152009,E92000001,E12000008,E14000681,,,
E07000212,popDensity,1128.6,Runnymede,501617,167042,E92000001,E12000008,E14000907,,,
E07000213,popDensity,2293.9,Spelthorne,506652,170605,E92000001,E12000008,E14000959,,,
E07000215,popDensity,354.1,Tandridge,536712,149345,E92000001,E12000008,E14000681,,,
E07000216,popDensity,371.5,Waverley,495682,139877,E92000001,E12000008,E14000719,,,
E07000217,popDensity,1634.4,Woking,500423,158249,E92000001,E12000008,E14001047,,,
E07000218,popDensity,228.8,North Warwickshire,425346,294421,E92000001,E12000005,E14000854,,,
E07000219,popDensity,1699.7,Nuneaton and Bedworth,435701,289373,E92000001,E12000005,E14000854,,,
E07000220,popDensity,325.7,Rugby,445826,276476,E92000001,E12000005,E14000767,,,
E07000221,popDensity,137.8,Stratford-on-Avon,425910,253437,E92000001,E12000005,E14000977,,,
E07000222,popDensity,524.8,Warwick,428512,268090,E92000001,E12000005,E14000767,,,
E07000223,popDensity,1534.4,Adur,519857,106296,E92000001,E12000008,E14000682,,,
E07000224,popDensity,746.1,Arun,500922,105536,E92000001,E12000008,E14000576,,,
E07000225,popDensity,157.8,Chichester,488437,116059,E92000001,E12000008,E14000534,,,
E07000226,popDensity,2634.9,Crawley,527313,137822,E92000001,E12000008,E14000652,,,
E07000227,popDensity,276.8,Horsham,514696,122819,E92000001,E12000008,E14000534,,,
E07000228,popDensity,456.8,Mid Sussex,531427,126224,E92000001,E12000008,E14000534,,,
E07000229,popDensity,3423.7,Worthing,513043,104470,E92000001,E12000008,E14001055,,,
E07000234,popDensity,457.1,Bromsgrove,398961,273791,E92000001,E12000005,E14000605,,,
E07000235,popDensity,137.7,Malvern Hills,376452,253907,E92000001,E12000005,E14001035,,,
E07000236,popDensity,1604.4,Redditch,403427,264902,E92000001,E12000005,E14000892,,,
E07000237,popDensity,3121.4,Worcester,385680,255359,E92000001,E12000005,E14001052,,,
E07000238,popDensity,199.7,Wychavon,396608,251844,E92000001,E12000005,E14000818,,,
E07000239,popDensity,520,Wyre Forest,381336,275771,E92000001,E12000005,E14001058,,,
E07000240,popDensity,919.3,St Albans,514441,209482,E92000001,E12000006,E14000749,,,
E07000241,popDensity,925,Welwyn Hatfield,524698,209206,E92000001,E12000006,E14000606,,,
E07000242,popDensity,315.7,East Hertfordshire,537205,220364,E92000001,E12000006,E14000744,,,
E07000243,popDensity,3444.8,Stevenage,524559,224521,E92000001,E12000006,E14000845,,,
E07000244,popDensity,195.1,East Suffolk,636456,265500,E92000001,E12000006,E14000624,,,
E07000245,popDensity,173.9,West Suffolk,578957,267629,E92000001,E12000006,E14000613,,,
E07000246,popDensity,132.6,Somerset West and Taunton,304672,132836,E92000001,E12000009,E14000988,,,
E08000002,popDensity,1948.6,Bury,379434,410155,E92000001,E12000002,E14000611,,,
E08000003,popDensity,4772.7,Manchester,384645,394923,E92000001,E12000002,E14000571,,,
E08000004,popDensity,1700.5,Oldham,396668,406152,E92000001,E12000002,E14000871,,,
E08000005,popDensity,1415.6,Rochdale,389646,413331,E92000001,E12000002,E14000747,,,
E08000006,popDensity,2777.2,Salford,375503,399266,E92000001,E12000002,E14000571,,,
E08000007,popDensity,2338.3,Stockport,391577,388561,E92000001,E12000002,E14000627,,,
E08000008,popDensity,2239.7,Tameside,395938,397900,E92000001,E12000002,E14000537,,,
E08000009,popDensity,2216.7,Trafford,376532,391465,E92000001,E12000002,E14000532,,,
E08000010,popDensity,1750,Wigan,361033,403243,E92000001,E12000002,E14000580,,,
E08000011,popDensity,1787,Knowsley,344694,392430,E92000001,E12000002,E14000775,,,
E08000012,popDensity,4346.1,Liverpool,339133,389144,E92000001,E12000002,E14000708,,,
E08000013,popDensity,1343.6,St. Helens,352124,396102,E92000001,E12000002,E14000962,,,
E08000014,popDensity,1783.4,Sefton,332846,408176,E92000001,E12000002,E14000581,,,
E08000015,popDensity,1989.7,Wirral,327405,386273,E92000001,E12000002,E14000559,,,
E08000016,popDensity,743.3,Barnsley,431083,404470,E92000001,E12000003,E14000541,,,
E08000017,popDensity,542.4,Doncaster,460041,405684,E92000001,E12000003,E14000667,,,
E08000018,popDensity,927.7,Rotherham,447556,390471,E92000001,E12000003,E14000903,,,
E08000021,popDensity,2646.1,Newcastle upon Tyne,421988,568195,E92000001,E12000001,E14000831,,,
E08000022,popDensity,2538.6,North Tyneside,430940,570503,E92000001,E12000001,E14000853,,,
E08000023,popDensity,2294.2,South Tyneside,435717,563346,E92000001,E12000001,E14000765,,,
E08000024,popDensity,1994.6,Sunderland,435242,554109,E92000001,E12000001,E14001020,,,
E08000025,popDensity,4275.4,Birmingham,408620,287849,E92000001,E12000005,E14000565,,,
E08000026,popDensity,3500.7,Coventry,432736,280037,E92000001,E12000005,E14000649,,,
E08000027,popDensity,3302.4,Dudley,392753,287253,E92000001,E12000005,E14000671,,,
E08000028,popDensity,3994.9,Sandwell,399516,290879,E92000001,E12000005,E14000722,,,
E08000029,popDensity,1212.9,Solihull,418611,279457,E92000001,E12000005,E14000812,,,
E08000030,popDensity,2733.1,Walsall,402370,300150,E92000001,E12000005,E14000531,,,
E08000031,popDensity,3797.9,Wolverhampton,391927,299026,E92000001,E12000005,E14001049,,,
E08000032,popDensity,1491.2,Bradford,409656,438737,E92000001,E12000003,E14000925,,,
E08000033,popDensity,567.8,Calderdale,401827,424977,E92000001,E12000003,E14000614,,,
E08000034,popDensity,1060.3,Kirklees,415745,414567,E92000001,E12000003,E14000548,,,
E08000035,popDensity,1471.7,Leeds,432624,436701,E92000001,E12000003,E14000777,,,
E08000036,popDensity,1043.6,Wakefield,438985,418409,E92000001,E12000003,E14000836,,,
E08000037,popDensity,1378,Gateshead,420364,560133,E92000001,E12000001,E14000574,,,
E09000001,popDensity,2975,City of London,532539,181164,E92000001,E12000007,E14000639,,,
E09000002,popDensity,6065.8,Barking and Dagenham,548056,184924,E92000001,E12000007,E14000540,,,
E09000003,popDensity,4488.7,Barnet,524095,192314,E92000001,E12000007,E14000703,,,
E09000004,popDensity,4070.7,Bexley,548955,175730,E92000001,E12000007,E14000558,,,
E09000005,popDensity,7859.6,Brent,520189,185924,E92000001,E12000007,E14000592,,,
E09000006,popDensity,2197.7,Bromley,542864,165667,E92000001,E12000007,E14000551,,,
E09000007,popDensity,9640.9,Camden,527931,184580,E92000001,E12000007,E14000727,,,
E09000008,popDensity,4516,Croydon,533300,163557,E92000001,E12000007,E14000656,,,
E09000009,popDensity,6611.6,Ealing,515931,181701,E92000001,E12000007,E14000674,,,
E09000010,popDensity,4082.5,Enfield,532411,196432,E92000001,E12000007,E14000691,,,
E09000011,popDensity,6108.6,Greenwich,542847,177046,E92000001,E12000007,E14000690,,,
E09000013,popDensity,11161.1,Hammersmith and Fulham,523529,178905,E92000001,E12000007,E14000629,,,
E09000014,popDensity,8930.2,Haringey,531225,189614,E92000001,E12000007,E14000752,,,
E09000015,popDensity,5175.4,Harrow,514912,190121,E92000001,E12000007,E14000731,,,
E09000016,popDensity,2332.3,Havering,554032,187245,E92000001,E12000007,E14000657,,,
E09000017,popDensity,2644,Hillingdon,507905,183585,E92000001,E12000007,E14000737,,,
E09000018,popDensity,5148,Hounslow,513589,175668,E92000001,E12000007,E14000593,,,
E09000019,popDensity,14574.9,Islington,531145,185005,E92000001,E12000007,E14000763,,,
E09000020,popDensity,11816.5,Kensington and Chelsea,525606,179504,E92000001,E12000007,E14000768,,,
E09000021,popDensity,4512.1,Kingston upon Thames,519327,166705,E92000001,E12000007,E14000770,,,
E09000022,popDensity,11839.1,Lambeth,530807,174499,E92000001,E12000007,E14000673,,,
E09000023,popDensity,8551.5,Lewisham,537676,174051,E92000001,E12000007,E14000787,,,
E09000024,popDensity,5721.6,Merton,525579,169458,E92000001,E12000007,E14001040,,,
E09000025,popDensity,9690.1,Newham,541466,182855,E92000001,E12000007,E14000679,,,
E09000026,popDensity,5501.9,Redbridge,543919,189405,E92000001,E12000007,E14000760,,,
E09000027,popDensity,3401.9,Richmond upon Thames,517367,172867,E92000001,E12000007,E14000896,,,
E09000028,popDensity,10659,Southwark,533829,176738,E92000001,E12000007,E14000615,,,
E09000029,popDensity,4781,Sutton,526964,164120,E92000001,E12000007,E14000621,,,
E09000030,popDensity,15702.9,Tower Hamlets,536495,181509,E92000001,E12000007,E14000882,,,
E09000031,popDensity,7173.3,Waltham Forest,537726,190195,E92000001,E12000007,E14000634,,,
E09000032,popDensity,9560,Wandsworth,526055,174145,E92000001,E12000007,E14000549,,,
E09000033,popDensity,9514.2,Westminster,527739,181005,E92000001,E12000007,E14000639,,,
W06000001,popDensity,96.7,Isle of Anglesey,241795,379205,W92000004,W92000004,W07000041,,,
W06000002,popDensity,46.3,Gwynedd,263903,334963,W92000004,W92000004,W07000057,,,
W06000003,popDensity,101.9,Conwy,283987,361802,W92000004,W92000004,W07000058,,,
W06000004,popDensity,114.5,Denbighshire,309404,355776,W92000004,W92000004,W07000059,,,
W06000005,popDensity,352.3,Flintshire,322419,369649,W92000004,W92000004,W07000043,,,
W06000006,popDensity,268.2,Wrexham,331795,344142,W92000004,W92000004,W07000044,,,
W06000008,popDensity,40,Ceredigion,258574,263991,W92000004,W92000004,W07000064,,,
W06000009,popDensity,76.2,Pembrokeshire,201312,221152,W92000004,W92000004,W07000065,,,
W06000010,popDensity,79.3,Carmarthenshire,251227,224511,W92000004,W92000004,W07000045,,,
W06000011,popDensity,631.5,Swansea,257445,195641,W92000004,W92000004,W07000048,,,
W06000012,popDensity,322.5,Neath Port Talbot,279564,199348,W92000004,W92000004,W07000049,,,
W06000013,popDensity,580.1,Bridgend,289150,185340,W92000004,W92000004,W07000073,,,
W06000014,popDensity,398.4,Vale of Glamorgan,302809,172697,W92000004,W92000004,W07000078,,,
W06000015,popDensity,2571.3,Cardiff,316778,179542,W92000004,W92000004,W07000051,,,
W06000016,popDensity,560.3,Rhondda Cynon Taf,300745,195665,W92000004,W92000004,W07000074,,,
W06000018,popDensity,634.2,Caerphilly,316753,195610,W92000004,W92000004,W07000077,,,
W06000019,popDensity,615.1,Blaenau Gwent,317699,208201,W92000004,W92000004,W07000072,,,
W06000020,popDensity,734.4,Torfaen,327301,200555,W92000004,W92000004,W07000053,,,
W06000021,popDensity,109.5,Monmouthshire,340238,206911,W92000004,W92000004,W07000054,,,
W06000022,popDensity,838.1,Newport,333448,186541,W92000004,W92000004,W07000055,,,
W06000023,popDensity,25.7,Powys,303993,270454,W92000004,W92000004,W07000063,,,
W06000024,popDensity,528.2,Merthyr Tydfil,306153,205467,W92000004,W92000004,W07000068,,,
E06000007,popDensity,1168,Warrington,362665,389223,E92000001,E12000002,E14001017,,,
E06000008,popDensity,1129.4,Blackburn with Darwen,369254,421850,E92000001,E12000002,E14000570,,,
E06000009,popDensity,4041.1,Blackpool,331921,436188,E92000001,E12000002,E14000572,,,
E06000010,popDensity,3730.1,Kingston upon Hull,509765,430588,E92000001,E12000003,E14000771,,,
E06000013,popDensity,200.4,North Lincolnshire,493268,411782,E92000001,E12000003,E14000596,,,
E06000016,popDensity,5027.2,Leicester,459135,304861,E92000001,E12000004,E14000782,,,
E06000022,popDensity,559.2,Bath and North East Somerset,367057,162001,E92000001,E12000009,E14000547,,,
E06000025,popDensity,584.3,South Gloucestershire,367431,183263,E92000001,E12000009,E14000702,,,
E06000030,popDensity,1014.4,Swindon,417817,185857,E92000001,E12000009,E14000851,,,
E06000033,popDensity,4335.6,Southend-on-Sea,589363,185610,E92000001,E12000006,E14000899,,,
E06000034,popDensity,1074.2,Thurrock,564863,181237,E92000001,E12000006,E14000933,,,
E06000046,popDensity,370,Isle of Wight,449779,86461,E92000001,E12000008,E14000762,,,
E06000049,popDensity,341.9,Cheshire East,376729,364874,E92000001,E12000002,E14000646,,,
E06000052,popDensity,160.9,Cornwall,199168,59975,E92000001,E12000009,E14000616,,,
E07000011,popDensity,199.6,Huntingdonshire,521228,276573,E92000001,E12000006,E14000757,,,
E07000039,popDensity,317.1,South Derbyshire,429750,326002,E92000001,E12000004,E14000935,,,
E07000040,popDensity,185.2,East Devon,313793,96775,E92000001,E12000009,E14000623,,,
E07000044,popDensity,100,South Hams,270440,54205,E92000001,E12000009,E14000950,,,
E07000064,popDensity,182.8,Rother,578409,119997,E92000001,E12000008,E14000557,,,
E07000065,popDensity,192.2,Wealden,554434,120966,E92000001,E12000008,E14001023,,,
E07000066,popDensity,1705.1,Basildon,570901,190821,E92000001,E12000006,E14000544,,,
E07000073,popDensity,3056.1,Harlow,545614,209915,E92000001,E12000006,E14000729,,,
E07000078,popDensity,2549.3,Cheltenham,395079,221973,E92000001,E12000009,E14000630,,,
E07000081,popDensity,3266.6,Gloucester,383531,216834,E92000001,E12000009,E14000712,,,
E07000083,popDensity,229,Tewkesbury,394038,227458,E92000001,E12000009,E14000705,,,
E07000090,popDensity,2228.4,Havant,471226,104842,E92000001,E12000008,E14000736,,,
E07000103,popDensity,4772.2,Watford,510556,197803,E92000001,E12000006,E14001021,,,
E07000112,popDensity,307.5,Folkestone and Hythe,610024,132599,E92000001,E12000008,E14000704,,,
E07000119,popDensity,491.2,Fylde,339324,432384,E92000001,E12000002,E14000706,,,
E07000120,popDensity,1126.6,Hyndburn,374414,429238,E92000001,E12000002,E14000758,,,
E07000124,popDensity,105.6,Ribble Valley,370849,445761,E92000001,E12000002,E14000894,,,
E07000136,popDensity,193.7,Boston,532926,343714,E92000001,E12000004,E14000582,,,
E07000142,popDensity,82.3,West Lindsey,501339,389522,E92000001,E12000004,E14000707,,,
E07000147,popDensity,106.6,North Norfolk,613546,332832,E92000001,E12000006,E14000603,,,
E07000168,popDensity,133.2,Scarborough,488815,497619,E92000001,E12000003,E14000913,,,
E07000174,popDensity,1440.2,Mansfield,455327,364075,E92000001,E12000004,E14000810,,,
E07000198,popDensity,166.4,Staffordshire Moorlands,401331,353540,E92000001,E12000005,E14000966,,,
E07000202,popDensity,3534.3,Ipswich,616698,244356,E92000001,E12000006,E14000624,,,
E07000214,popDensity,951.2,Surrey Heath,492648,161313,E92000001,E12000008,E14000983,,,
E08000001,popDensity,2117,Bolton,369187,409211,E92000001,E12000002,E14000578,,,
E08000019,popDensity,1512.5,Sheffield,430011,389797,E92000001,E12000003,E14000922,,,
E09000012,popDensity,13593.3,Hackney,534348,185478,E92000001,E12000007,E14000720,,,
E07000075,popDensity,512.7,Rochford,594750,191782,E92000001,E12000006,E14000899,,,
E07000077,popDensity,142.5,Uttlesford,556816,228707,E92000001,E12000006,E14000910,,,
E07000105,popDensity,228.6,Ashford,596857,139969,E92000001,E12000008,E14000704,,,
E06000053,popDensity,125.9,Isles of Scilly,91546,11139,E92000001,E12000009,E14000964,,,
E09000001,popDensity,2975,City of London,532539,181164,E92000001,E12000007,E14000639,,,