code,areaName,cx,cy,country,region,Constituency,LA,MSOA,TTWA2011,home,metro,train,bus,taxi,motorcycle,carDriver,carPassenger,bicycle,foot,other,noWork
E06000001,Hartlepool,448118,530661,E92000001,E12000001,E14000733,,,,6570,33,269,1241,639,73,22448,2276,561,3131,509,54589
E06000002,Middlesbrough,450380,516653,E92000001,E12000001,E14000819,,,,9478,28,469,2264,2050,99,30745,4060,1121,5129,993,87490
E06000003,Redcar and Cleveland,463383,518023,E92000001,E12000001,E14000820,,,,10019,19,556,1592,758,126,33885,3032,632,4096,907,80910
E06000004,Stockton-on-Tees,443484,518785,E92000001,E12000001,E14000970,,,,18809,45,526,2256,1319,195,50924,4392,1260,5439,1278,110152
E06000005,Darlington,429038,517147,E92000001,E12000001,E14000658,,,,11962,18,403,1405,720,122,25487,2742,966,4982,489,58503
E06000006,Halton,352162,383230,E92000001,E12000002,E14000725,,,,14548,26,470,1916,492,232,31780,3231,1182,4296,534,69772
E06000011,East Riding of Yorkshire,499908,442365,E92000001,E12000003,E14000556,,,,38568,57,782,1936,388,697,89258,6390,4063,12269,1713,186095
E06000012,North East Lincolnshire,523749,406881,E92000001,E12000003,E14000643,,,,9605,19,157,2272,567,359,41180,4040,3423,6360,868,88114
E06000014,York,461737,451799,E92000001,E12000003,E14001062,,,,34159,53,593,3194,384,526,35183,2826,7001,11480,797,106623
E06000015,Derby,435851,335169,E92000001,E12000004,E14000662,,,,27260,83,537,5982,2065,547,57902,6705,2956,11079,1085,145163
E06000017,Rutland,491121,307844,E92000001,E12000004,E14000909,,,,6404,8,99,70,35,59,9037,516,368,2004,184,22266
E06000018,Nottingham,455451,340739,E92000001,E12000004,E14000865,,,,32915,2760,810,15217,1496,553,50069,5931,3565,13748,1803,194765
E06000019,Herefordshire,349035,245285,E92000001,E12000005,E14000743,,,,22618,31,271,555,248,404,47936,3640,2569,9391,846,98523
E06000020,Telford and Wrekin,367109,314837,E92000001,E12000005,E14000989,,,,20430,41,525,1134,2347,364,48046,5392,1297,5159,762,100044
E06000021,Stoke-on-Trent,389018,346716,E92000001,E12000005,E14000974,,,,17161,33,452,3679,3933,561,65636,8760,1620,9618,1127,145789
E06000023,Bristol,346546,172919,E92000001,E12000009,E14000599,,,,92026,115,1650,14617,999,1545,78915,7329,12466,26730,2120,233955
E06000024,North Somerset,344429,165882,E92000001,E12000009,E14000850,,,,33466,30,801,1782,386,509,51958,3798,1951,7185,833,114026
E06000026,Plymouth,249389,56735,E92000001,E12000009,E14000879,,,,25656,44,371,7672,1201,1582,61976,6220,2554,12221,1520,143677
E06000027,Torbay,291417,61223,E92000001,E12000009,E14000999,,,,12155,20,340,1971,379,580,31532,3068,702,7442,746,80389
E06000031,Peterborough,518343,302621,E92000001,E12000006,E14000855,,,,24747,86,975,3644,2289,421,48971,7145,3823,7664,1203,114705
E06000032,Luton,508515,222915,E92000001,E12000006,E14000801,,,,21199,334,2509,6718,1816,264,47641,6719,1103,8955,1463,126541
E06000035,Medway,578769,172759,E92000001,E12000008,E14000626,,,,34466,313,5339,3090,815,807,69504,6301,942,9519,1510,147167
E06000036,Bracknell Forest,487739,168395,E92000001,E12000008,E14000586,,,,26512,68,976,733,242,287,30194,2160,912,3755,557,58210
E06000037,West Berkshire,448409,172535,E92000001,E12000008,E14000830,,,,33988,65,918,1217,133,292,35715,2773,1250,5310,651,79141
E06000038,Reading,470639,173186,E92000001,E12000008,E14000889,,,,34950,141,2412,6584,318,349,27914,2905,2361,10088,844,85358
E06000039,Slough,498180,179746,E92000001,E12000008,E14000930,,,,19976,587,2323,3147,928,330,34407,3784,1529,5677,1011,84799
E06000040,Windsor and Maidenhead,490435,177040,E92000001,E12000008,E14000803,,,,36565,206,1862,444,331,247,27949,1948,1006,4969,774,77194
E06000041,Wokingham,477672,170613,E92000001,E12000008,E14000586,,,,45352,124,1376,1336,122,264,33381,2121,1157,3578,656,88035
E06000042,Milton Keynes,486881,243629,E92000001,E12000008,E14000821,,,,52198,228,1915,4533,2856,448,62713,6985,2809,7288,1406,143682
E06000043,Brighton and Hove,531606,106526,E92000001,E12000008,E14000597,,,,59495,158,3539,9946,539,931,34893,3085,5282,19855,1567,137812
E06000044,Portsmouth,465010,102752,E92000001,E12000008,E14000883,,,,24315,63,1894,4968,1291,807,40707,4854,5128,12424,1336,110216
E06000045,Southampton,442376,113232,E92000001,E12000008,E14000901,,,,30282,84,1430,7835,861,787,51655,5945,3605,14255,1493,130694
E06000047,County Durham,410446,533389,E92000001,E12000001,E14000840,,,,53014,98,730,7478,1414,585,127527,11802,1607,15713,2252,299853
E06000050,Cheshire West and Chester,350919,367257,E92000001,E12000002,E14000640,,,,53184,90,1291,2913,988,669,85824,6624,3399,12543,1562,188062
E06000051,Shropshire,350424,304422,E92000001,E12000005,E14000992,,,,41525,35,762,1110,731,428,83469,6421,2926,13662,1353,171183
E06000053,Isles of Scilly,91546,11139,E92000001,E12000009,E14000964,,,,322,0,1,7,1,9,282,19,127,309,38,940
E06000054,Wiltshire,403934,155301,E92000001,E12000009,E14000954,,,,85967,152,1738,3845,468,1103,122462,8743,4445,21174,2244,257988
E06000055,Bedford,504237,255656,E92000001,E12000006,E14000552,,,,28568,106,1352,1782,1102,356,42890,4403,2529,6935,842,94360
E06000056,Central Bedfordshire,507413,235392,E92000001,E12000006,E14000801,,,,52153,205,3042,1560,373,470,76820,4976,1505,8754,1219,143175
E06000057,Northumberland,395886,594161,E92000001,E12000001,E14000554,,,,38430,206,610,3995,586,286,76220,5930,1463,11346,1705,179790
E06000058,Bournemouth Christchurch and Poole,408362,94131,E92000001,E12000009,E14000584,,,,55150,133,1030,8312,574,1492,89083,6898,5984,15391,1985,214164
E06000059,Dorset,376581,100771,E92000001,E12000009,E14000638,,,,47397,103,731,1888,373,1009,90473,5656,2973,15429,1745,211802
E06000060,Buckinghamshire,482081,210241,E92000001,E12000008,E14000631,,,,112181,1917,4044,3830,1635,892,119924,8242,2218,15888,2465,279842
E06000061,North Northamptonshire,493494,281667,E92000001,E12000004,E14000648,,,,42162,107,921,2469,1739,604,101925,10782,2905,13596,1645,180670
E06000062,West Northamptonshire,465908,258722,E92000001,E12000004,E14000660,,,,62832,151,1249,7640,1282,722,110576,11275,3308,14950,2009,209730
E07000008,Cambridge,545770,257755,E92000001,E12000006,E14000934,,,,32113,85,806,2515,423,373,13485,1530,11836,6858,572,75076
E07000009,East Cambridgeshire,556466,274112,E92000001,E12000006,E14000842,,,,15606,16,894,320,105,173,22735,1473,812,2211,350,43067
E07000010,Fenland,539807,298084,E92000001,E12000006,E14000842,,,,9463,26,294,528,129,218,28166,2708,1457,3654,467,55357
E07000012,South Cambridgeshire,542444,254795,E92000001,E12000006,E14000934,,,,36046,64,685,1604,172,430,33507,2057,3997,3131,573,79852
E07000026,Allerdale,319765,535836,E92000001,E12000002,E14000647,,,,10757,17,196,992,92,129,24859,2036,407,4328,422,51919
E07000027,Barrow-in-Furness,320831,470657,E92000001,E12000002,E14000543,,,,6051,5,250,937,387,366,15685,1755,1030,4403,313,36224
E07000028,Carlisle,348339,564335,E92000001,E12000002,E14000620,,,,10187,19,195,1791,200,146,29906,2449,1188,6347,521,57074
E07000029,Copeland,310947,502927,E92000001,E12000002,E14000647,,,,7778,14,316,861,120,202,16849,1573,374,2218,266,36506
E07000030,Eden,359952,524354,E92000001,E12000002,E14000877,,,,7682,13,69,405,44,48,14504,962,236,3062,308,27400
E07000031,South Lakeland,344716,488871,E92000001,E12000002,E14000543,,,,13692,18,291,462,173,179,25555,1772,963,6460,574,54313
E07000032,Amber Valley,435845,348157,E92000001,E12000004,E14000533,,,,15225,27,201,1458,153,313,35212,2430,543,4180,429,66035
E07000033,Bolsover,448358,368917,E92000001,E12000004,E14000577,,,,6884,17,135,865,195,193,24349,2161,250,2714,337,42173
E07000034,Chesterfield,440052,373318,E92000001,E12000004,E14000632,,,,10772,19,284,1962,614,204,26580,2439,455,3817,388,56037
E07000035,Derbyshire Dales,420549,359062,E92000001,E12000004,E14000664,,,,11376,16,112,316,53,93,16972,1040,302,2655,293,38312
E07000036,Erewash,443979,337734,E92000001,E12000004,E14000695,,,,13607,109,241,2157,216,315,30285,2390,1215,3950,482,57940
E07000037,High Peak,408491,386271,E92000001,E12000004,E14000748,,,,12973,31,756,612,181,123,23176,1536,376,4501,349,46319
E07000038,North East Derbyshire,436969,370027,E92000001,E12000004,E14000577,,,,11576,37,147,1183,196,201,28298,2008,297,2244,377,55438
E07000041,Exeter,293498,92447,E92000001,E12000009,E14000698,,,,18285,35,528,2838,208,472,22190,2176,2821,9603,543,71009
E07000042,Mid Devon,290588,109637,E92000001,E12000009,E14000623,,,,11963,10,139,579,64,194,21306,1558,476,3605,388,42570
E07000043,North Devon,265967,131782,E92000001,E12000009,E14000838,,,,10957,16,71,977,119,268,23589,1807,1098,5834,427,53448
E07000045,Teignbridge,282849,79821,E92000001,E12000009,E14000623,,,,17497,22,612,1059,121,432,33785,2228,779,5013,590,72666
E07000046,Torridge,241935,112003,E92000001,E12000009,E14001000,,,,7776,7,45,604,68,152,16989,1174,217,2746,273,38061
E07000047,West Devon,255465,86000,E92000001,E12000009,E14000623,,,,7973,11,56,284,38,126,13172,829,235,2353,307,31712
E07000061,Eastbourne,559822,99749,E92000001,E12000008,E14000684,,,,10125,53,1195,1506,418,229,21483,1989,1047,5285,501,57855
E07000062,Hastings,580952,110924,E92000001,E12000008,E14000735,,,,10943,44,1068,1170,651,294,18992,2184,536,4495,523,50096
E07000063,Lewes,541167,111026,E92000001,E12000008,E14000597,,,,15713,37,1028,2038,99,235,19656,1322,603,3350,426,55398
E07000067,Braintree,578133,230213,E92000001,E12000006,E14000590,,,,21933,137,1698,847,224,295,41638,2798,792,5241,682,78984
E07000068,Brentwood,559999,195829,E92000001,E12000006,E14000594,,,,16784,539,2471,370,178,131,14189,867,178,1815,379,39146
E07000069,Castle Point,579982,185122,E92000001,E12000006,E14000622,,,,11672,122,1839,808,165,203,21646,1536,422,2142,455,48581
E07000070,Chelmsford,571456,205876,E92000001,E12000006,E14000806,,,,34522,256,2911,2034,204,341,38282,2574,1725,6231,783,91661
E07000071,Colchester,597077,223202,E92000001,E12000006,E14000644,,,,28165,121,2069,2706,437,456,43618,3329,2274,8004,837,100700
E07000072,Epping Forest,548522,203300,E92000001,E12000006,E14000693,,,,25171,4744,1538,853,467,297,27015,1723,403,2805,778,69184
E07000074,Maldon,592438,204831,E92000001,E12000006,E14000806,,,,9789,55,638,244,57,111,16866,998,292,1898,309,34952
E07000076,Tendring,614571,223776,E92000001,E12000006,E14000642,,,,13322,77,1090,642,288,309,33570,2432,1018,4895,638,90008
E07000079,Cotswold,407474,213072,E92000001,E12000009,E14000991,,,,17228,40,157,217,41,149,20099,1377,529,3838,404,46753
E07000080,Forest of Dean,366318,214546,E92000001,E12000009,E14000705,,,,11230,10,95,489,34,201,23378,1640,286,2285,341,47014
E07000082,Stroud,379361,203473,E92000001,E12000009,E14000980,,,,20942,25,176,664,66,290,30820,1960,860,3657,459,61185
E07000084,Basingstoke and Deane,455819,153006,E92000001,E12000008,E14000545,,,,38057,58,1396,2156,367,358,41928,3447,1394,7036,776,88181
E07000085,East Hampshire,473316,131076,E92000001,E12000008,E14000811,,,,23141,42,707,417,99,235,30391,1968,487,3710,534,64012
E07000086,Eastleigh,447331,115065,E92000001,E12000008,E14000685,,,,23893,41,853,829,189,421,35345,2351,1148,3829,617,66927
E07000087,Fareham,454571,106165,E92000001,E12000008,E14000699,,,,19206,32,599,501,179,333,28382,1744,1200,2838,618,58882
E07000088,Gosport,459361,100995,E92000001,E12000008,E14000713,,,,8865,23,208,1128,223,486,20010,1575,2433,2876,656,43468
E07000089,Hart,476958,154529,E92000001,E12000008,E14000844,,,,22579,46,665,227,68,187,21942,1194,589,2535,413,48963
E07000091,New Forest,426464,106633,E92000001,E12000008,E14000828,,,,23960,28,448,709,140,405,42845,2761,1794,4767,845,97083
E07000092,Rushmoor,486069,153516,E92000001,E12000008,E14000530,,,,15301,47,1217,1526,155,293,26669,2514,903,3835,558,46741
E07000093,Test Valley,434314,136669,E92000001,E12000008,E14000857,,,,23856,33,510,570,247,256,31784,2418,1102,4528,562,64631
E07000094,Winchester,454712,125708,E92000001,E12000008,E14001041,,,,26249,61,578,865,106,219,24217,1628,802,5324,524,66871
E07000095,Broxbourne,534904,204646,E92000001,E12000006,E14000606,,,,14218,977,2608,997,314,234,23586,1613,518,2686,554,50701
E07000096,Dacorum,500758,209858,E92000001,E12000006,E14000739,,,,30226,279,1640,1042,390,302,34277,2463,605,5279,695,77883
E07000098,Hertsmere,518976,199022,E92000001,E12000006,E14000745,,,,21051,1310,1999,1509,269,234,21164,1314,357,2974,585,55061
E07000099,North Hertfordshire,524291,230523,E92000001,E12000006,E14000749,,,,28689,113,2442,457,159,211,27107,2061,875,4567,476,66049
E07000102,Three Rivers,506561,196949,E92000001,E12000006,E14000951,,,,19608,1698,1101,491,153,165,19817,1170,403,1948,395,46823
E07000106,Canterbury,616375,158359,E92000001,E12000008,E14000619,,,,20109,105,1537,1906,210,259,30603,2493,1105,7145,693,91265
E07000107,Dartford,556785,172676,E92000001,E12000008,E14000659,,,,18217,475,4573,1963,394,429,26492,1904,532,3262,583,57930
E07000108,Dover,629815,151044,E92000001,E12000008,E14000670,,,,12291,52,1023,1100,264,264,27830,2344,674,4462,622,65484
E07000109,Gravesham,566746,170115,E92000001,E12000008,E14000715,,,,13037,203,2655,1665,224,344,24799,2591,405,3264,574,57139
E07000110,Maidstone,580248,151563,E92000001,E12000008,E14000804,,,,26842,108,2239,1583,259,308,43325,3414,800,6631,897,89373
E07000111,Sevenoaks,551567,155211,E92000001,E12000008,E14000659,,,,23775,161,3063,441,140,303,23224,1522,289,2959,506,64130
E07000113,Swale,595988,164044,E92000001,E12000008,E14000700,,,,17587,73,2200,477,214,387,37930,2990,935,5725,684,82474
E07000114,Thanet,632674,166985,E92000001,E12000008,E14000852,,,,14408,72,1448,2076,561,362,29473,3166,1194,5787,641,81397
E07000115,Tonbridge and Malling,564511,155282,E92000001,E12000008,E14000626,,,,23812,78,2200,603,123,283,30531,1984,564,3712,539,67775
E07000116,Tunbridge Wells,570254,137789,E92000001,E12000008,E14000804,,,,23633,67,1724,835,130,192,21856,1629,506,4855,473,59413
E07000117,Burnley,385506,431414,E92000001,E12000002,E14000609,,,,6738,16,193,1631,1143,112,22418,2568,403,4434,376,54612
E07000118,Chorley,357265,418497,E92000001,E12000002,E14000637,,,,16580,27,479,889,188,182,31980,2357,634,3465,464,60488
E07000121,Lancaster,353328,463919,E92000001,E12000002,E14000776,,,,15430,39,458,2094,304,309,31607,3061,1692,6769,638,80533
E07000122,Pendle,387886,441045,E92000001,E12000002,E14000875,,,,7461,19,174,1151,911,105,22486,2282,335,4296,403,56134
E07000123,Preston,354185,435253,E92000001,E12000002,E14000706,,,,16614,31,598,4224,748,235,32080,3899,1156,6403,646,81204
E07000125,Rossendale,382473,421988,E92000001,E12000002,E14000902,,,,8036,18,68,1026,256,119,19570,1507,153,2060,303,37757
E07000126,South Ribble,353203,425975,E92000001,E12000002,E14000894,,,,15731,15,305,1087,200,210,30627,2245,971,2904,416,56324
E07000127,West Lancashire,341717,412911,E92000001,E12000002,E14001033,,,,13497,31,695,753,835,141,29653,2781,731,3904,525,63883
E07000128,Wyre,344008,445536,E92000001,E12000002,E14000572,,,,12479,227,247,1128,191,198,26895,1989,834,3038,611,64111
E07000129,Blaby,452852,297375,E92000001,E12000004,E14000940,,,,15526,23,134,998,196,185,28981,1968,881,2181,373,51480
E07000130,Charnwood,457739,315833,E92000001,E12000004,E14000625,,,,25638,57,408,1975,234,307,44097,3163,1940,6274,707,99172
E07000131,Harborough,467383,293977,E92000001,E12000004,E14000940,,,,17474,21,269,405,74,102,25108,1372,535,3057,354,48854
E07000132,Hinckley and Bosworth,441354,302271,E92000001,E12000004,E14000583,,,,16666,28,168,702,113,189,31401,1948,824,3419,429,57754
E07000133,Melton,477226,322729,E92000001,E12000004,E14000909,,,,7261,5,120,203,45,93,13863,912,420,2349,194,26287
E07000134,North West Leicestershire,440239,317453,E92000001,E12000004,E14000858,,,,14874,18,66,669,165,262,30052,1952,595,2922,385,52744
E07000135,Oadby and Wigston,461524,299185,E92000001,E12000004,E14000728,,,,7477,24,95,774,145,96,14012,1042,493,1584,244,31756
E07000137,East Lindsey,535540,374440,E92000001,E12000004,E14000582,,,,10993,20,83,615,162,235,33094,2317,1193,6224,641,86719
E06000007,Warrington,362665,389223,E92000001,E12000002,E14001017,,,,32647,51,686,2056,764,408,52839,4639,2552,5666,883,107783
E06000008,Blackburn with Darwen,369254,421850,E92000001,E12000002,E14000570,,,,12388,32,522,1568,2120,196,35313,4279,445,6018,677,91181
E06000009,Blackpool,331921,436188,E92000001,E12000002,E14000572,,,,12013,262,321,3381,948,333,29376,3481,1375,7004,868,81674
E06000010,Kingston upon Hull,509765,430588,E92000001,E12000003,E14000771,,,,15534,41,414,8903,1497,969,61237,9104,8169,10676,1245,149222
E06000013,North Lincolnshire,493268,411782,E92000001,E12000003,E14000596,,,,13277,21,131,1036,233,378,47177,4265,2307,6617,781,93457
E06000016,Leicester,459135,304861,E92000001,E12000004,E14000782,,,,29530,145,755,10782,2876,469,67246,13734,5470,21589,2338,213637
E06000022,Bath and North East Somerset,367057,162001,E92000001,E12000009,E14000547,,,,34611,62,629,3063,235,522,35753,2637,1713,9848,742,103597
E06000025,South Gloucestershire,367431,183263,E92000001,E12000009,E14000702,,,,52349,40,438,4442,276,968,71696,4890,3060,8371,1080,142812
E06000030,Swindon,417817,185857,E92000001,E12000009,E14000851,,,,36022,64,514,6612,830,559,55279,6049,3289,7517,1131,115544
E06000033,Southend-on-Sea,589363,185610,E92000001,E12000006,E14000899,,,,27823,242,4523,2601,390,378,33110,2865,1766,8570,991,97427
E06000034,Thurrock,564863,181237,E92000001,E12000006,E14000933,,,,21081,1980,6046,2602,555,530,43245,3548,1016,4355,990,90052
E06000046,Isle of Wight,449779,86461,E92000001,E12000008,E14000762,,,,12922,39,252,2291,83,621,29704,2100,1275,7404,1219,82549
E06000049,Cheshire East,376729,364874,E92000001,E12000002,E14000646,,,,67827,98,1630,1328,931,663,93442,7454,3537,13950,1627,206285
E06000052,Cornwall,199168,59975,E92000001,E12000009,E14000616,,,,62832,80,1275,3410,686,1925,142649,10378,2988,25022,3001,316058
E07000011,Huntingdonshire,521228,276573,E92000001,E12000006,E14000757,,,,31900,51,1005,1118,314,351,44173,3138,2354,6281,707,89441
E07000039,South Derbyshire,429750,326002,E92000001,E12000004,E14000935,,,,14903,25,127,685,312,275,32062,2064,485,2555,411,53302
E07000040,East Devon,313793,96775,E92000001,E12000009,E14000623,,,,19757,26,540,1159,113,441,34839,2149,1177,5856,671,84101
E07000044,South Hams,270440,54205,E92000001,E12000009,E14000950,,,,13451,28,137,491,59,299,20416,1183,412,3601,510,48043
E07000064,Rother,578409,119997,E92000001,E12000008,E14000557,,,,12306,31,872,332,131,200,19187,1311,345,2800,417,55176
E07000065,Wealden,554434,120966,E92000001,E12000008,E14001023,,,,26043,49,1255,696,150,253,38611,2319,530,3989,647,85608
E07000066,Basildon,570901,190821,E92000001,E12000006,E14000544,,,,27225,707,4967,1846,802,386,41731,3818,1057,5498,976,98560
E07000073,Harlow,545614,209915,E92000001,E12000006,E14000729,,,,9631,753,979,1108,548,262,24427,2508,985,4245,535,47347
E07000078,Cheltenham,395079,221973,E92000001,E12000009,E14000630,,,,21711,25,249,1717,118,235,22959,1980,2372,7320,472,59679
E07000081,Gloucester,383531,216834,E92000001,E12000009,E14000712,,,,15908,24,215,2786,194,418,34341,3161,2174,5909,491,66795
E07000083,Tewkesbury,394038,227458,E92000001,E12000009,E14000705,,,,15532,21,79,1034,43,206,24174,1520,1088,2489,336,48360
E07000090,Havant,471226,104842,E92000001,E12000008,E14000736,,,,14413,18,624,1555,408,406,31164,2827,1181,3215,557,67840
E07000103,Watford,510556,197803,E92000001,E12000006,E14001021,,,,17899,1547,1872,1636,312,258,19958,1620,996,6181,582,49387
E07000112,Folkestone and Hythe,610024,132599,E92000001,E12000008,E14000704,,,,13770,40,932,1319,256,198,23922,1932,538,4360,552,61939
E07000119,Fylde,339324,432384,E92000001,E12000002,E14000706,,,,11361,31,176,793,159,116,18312,1312,535,2498,423,45658
E07000120,Hyndburn,374414,429238,E92000001,E12000002,E14000758,,,,6309,8,223,960,993,148,21212,2150,267,2976,381,46607
E07000124,Ribble Valley,370849,445761,E92000001,E12000002,E14000894,,,,9005,16,151,246,67,85,17171,938,258,2200,249,31176
E07000136,Boston,532926,343714,E92000001,E12000004,E14000582,,,,3558,27,77,522,166,143,20491,4154,1408,2748,337,36871
E07000138,Lincoln,496573,370718,E92000001,E12000004,E14000792,,,,9451,13,210,1727,459,249,21936,3203,2053,6877,541,57095
E07000139,North Kesteven,504210,354897,E92000001,E12000004,E14000792,,,,15406,26,300,517,96,267,32959,2050,1285,3469,517,61182
E07000140,South Holland,532780,324067,E92000001,E12000004,E14000939,,,,7959,25,138,286,116,198,28900,2723,1484,2997,410,49888
E07000141,South Kesteven,499893,329594,E92000001,E12000004,E14000714,,,,19428,32,416,567,216,258,36422,2605,1259,6419,572,75210
E07000143,Breckland,592273,302678,E92000001,E12000006,E14000816,,,,14404,23,214,732,171,313,39172,3136,1188,5575,711,75838
E07000144,Broadland,623735,316663,E92000001,E12000006,E14000863,,,,18934,30,164,1220,165,394,34889,1961,1422,2716,695,69132
E07000145,Great Yarmouth,647815,311075,E92000001,E12000006,E14000717,,,,6813,20,124,1807,209,257,22863,2488,1276,4314,969,58609
E07000146,Kings Lynn and West Norfolk,566910,317216,E92000001,E12000006,E14000952,,,,14162,49,569,804,171,341,41529,3353,2455,5082,707,85102
E07000148,Norwich,622020,308886,E92000001,E12000006,E14000864,,,,19468,58,321,3096,494,570,24555,2753,4044,9611,751,78202
E07000149,South Norfolk,622377,295780,E92000001,E12000006,E14000816,,,,21339,32,223,1037,108,329,37209,2046,1322,3404,699,74199
E07000163,Craven,388715,464893,E92000001,E12000003,E14000928,,,,8833,14,287,254,63,51,13199,926,217,3061,229,29795
E07000164,Hambleton,444420,488149,E92000001,E12000003,E14000895,,,,13303,18,171,188,82,97,22912,1349,640,4192,451,47286
E07000165,Harrogate,426573,463534,E92000001,E12000003,E14000730,,,,28233,38,503,1383,222,237,36036,2684,1190,8490,669,82982
E07000166,Richmondshire,404370,496225,E92000001,E12000003,E14000895,,,,6700,15,77,196,127,77,13001,906,307,2936,337,25097
E07000167,Ryedale,475009,480011,E92000001,E12000003,E14000993,,,,7609,12,89,175,45,93,13642,843,543,2630,281,28746
E07000169,Selby,457071,432688,E92000001,E12000003,E14000917,,,,14331,8,342,596,72,190,25137,1661,764,2687,338,45864
E07000170,Ashfield,449768,355201,E92000001,E12000004,E14000535,,,,11460,545,258,1724,419,275,35311,3005,841,4070,524,67870
E07000171,Bassetlaw,469431,382275,E92000001,E12000004,E14000546,,,,10741,25,268,694,170,240,33983,3148,1035,4144,468,62889
E07000172,Broxtowe,449657,342283,E92000001,E12000004,E14000535,,,,17302,725,244,1993,176,211,24367,1755,1341,3378,426,59024
E07000173,Gedling,459166,348277,E92000001,E12000004,E14000710,,,,17220,67,173,3572,240,212,28293,1939,747,3229,495,61076
E07000175,Newark and Sherwood,472378,359080,E92000001,E12000004,E14000829,,,,14786,33,287,570,161,207,31794,2547,1687,4522,520,65842
E07000176,Rushcliffe,464834,334124,E92000001,E12000004,E14000908,,,,24680,123,170,1574,128,123,24538,1395,1041,2786,420,62099
E07000177,Cherwell,449860,229130,E92000001,E12000008,E14000539,,,,27343,41,1027,1887,437,345,39508,3353,2156,8135,737,76044
E07000178,Oxford,452441,206500,E92000001,E12000008,E14000874,,,,28427,77,523,6493,417,375,17163,1778,7724,9697,650,88714
E07000179,South Oxfordshire,464397,193175,E92000001,E12000008,E14000742,,,,32709,73,897,1168,81,289,31562,2097,1637,5393,568,72609
E07000180,Vale of White Horse,438787,192976,E92000001,E12000008,E14001015,,,,29239,41,344,1941,103,344,29825,1988,2313,4229,495,68049
E07000181,West Oxfordshire,434067,215553,E92000001,E12000008,E14001046,,,,20629,42,272,1156,57,263,28364,1849,1432,4394,466,55311
E07000187,Mendip,362056,144991,E92000001,E12000009,E14000932,,,,17105,30,125,530,110,229,28823,1918,769,5489,542,60418
E07000188,Sedgemoor,333465,143276,E92000001,E12000009,E14001026,,,,13532,30,204,1483,123,374,33463,2554,1978,4870,538,66196
E07000189,South Somerset,350246,121192,E92000001,E12000009,E14000932,,,,20337,38,145,379,143,448,45716,3288,1341,8412,684,91740
E07000192,Cannock Chase,401418,312745,E92000001,E12000005,E14000618,,,,9529,7,421,591,266,220,31258,2737,432,3035,381,51642
E07000193,East Staffordshire,412763,329519,E92000001,E12000005,E14000610,,,,13235,26,223,748,960,286,32945,3384,1346,5615,550,64701
E07000194,Lichfield,413297,310036,E92000001,E12000005,E14000791,,,,15959,28,514,492,129,158,27712,1822,515,2730,413,55963
E07000195,Newcastle-under-Lyme,378749,344081,E92000001,E12000005,E14000834,,,,13009,12,219,1043,1099,256,32923,3364,606,3748,404,66617
E07000196,South Staffordshire,388140,303026,E92000001,E12000005,E14000945,,,,14069,54,504,622,171,170,30339,1881,364,2088,437,59773
E07000197,Stafford,388230,327866,E92000001,E12000005,E14000975,,,,19775,26,478,678,252,264,35046,2612,1300,4851,484,71101
E07000199,Tamworth,421984,303220,E92000001,E12000005,E14000986,,,,8238,10,337,794,253,179,22401,2382,739,2533,293,40489
E07000200,Babergh,599986,243163,E92000001,E12000006,E14000946,,,,13171,32,347,282,73,184,23542,1407,499,3055,368,49384
E07000203,Mid Suffolk,611211,265459,E92000001,E12000006,E14000624,,,,15527,28,445,171,65,216,28416,1464,757,2495,442,52675
E07000207,Elmbridge,512060,163238,E92000001,E12000008,E14000697,,,,35983,289,2759,685,138,391,20448,1159,1431,3063,634,71774
E07000208,Epsom and Ewell,521188,161461,E92000001,E12000008,E14000694,,,,17930,347,2144,849,169,352,13636,926,659,2537,362,41029
E07000209,Guildford,500446,150851,E92000001,E12000008,E14000719,,,,30814,92,1617,1264,167,359,25794,1846,1187,5886,748,73876
E07000210,Mole Valley,517049,147214,E92000001,E12000008,E14000694,,,,19379,71,1252,292,101,218,16658,1052,450,2480,389,45044
E07000211,Reigate and Banstead,526286,152009,E92000001,E12000008,E14000681,,,,31589,225,2933,1664,382,396,29864,1940,733,4695,706,75719
E07000212,Runnymede,501617,167042,E92000001,E12000008,E14000907,,,,16530,122,1142,492,183,230,18611,1267,705,2759,417,45622
E07000213,Spelthorne,506652,170605,E92000001,E12000008,E14000959,,,,18497,470,1477,1826,144,416,23540,1335,971,2323,543,51417
E07000215,Tandridge,536712,149345,E92000001,E12000008,E14000681,,,,18441,113,1949,610,104,191,17606,1063,192,1920,385,45299
E07000216,Waverley,495682,139877,E92000001,E12000008,E14000719,,,,28929,65,1269,450,73,233,23326,1557,579,3743,498,67507
E07000217,Woking,500423,158249,E92000001,E12000008,E14001047,,,,23570,108,1951,615,261,247,19735,1563,902,3275,517,51201
E07000218,North Warwickshire,425346,294421,E92000001,E12000005,E14000854,,,,8411,9,189,397,117,116,18812,1430,280,1748,246,33281
E07000219,Nuneaton and Bedworth,435701,289373,E92000001,E12000005,E14000854,,,,14461,20,372,1472,350,253,36655,3592,1096,4352,491,71083
E07000220,Rugby,445826,276476,E92000001,E12000005,E14000767,,,,17792,37,441,1109,266,189,29803,2994,1111,3913,454,56257
E07000221,Stratford-on-Avon,425910,253437,E92000001,E12000005,E14000977,,,,26151,34,251,371,98,200,31378,1932,809,4521,491,68489
E07000222,Warwick,428512,268090,E92000001,E12000005,E14000767,,,,32535,47,635,896,193,183,28640,2140,1402,5567,510,75705
E07000223,Adur,519857,106296,E92000001,E12000008,E14000682,,,,9266,15,839,925,70,234,14254,1079,892,1938,313,34719
E07000224,Arun,500922,105536,E92000001,E12000008,E14000576,,,,18060,52,1270,1264,216,380,39949,3823,2014,5342,820,91698
E07000225,Chichester,488437,116059,E92000001,E12000008,E14000534,,,,19385,48,721,656,82,229,26020,1765,1549,5282,629,67702
E07000226,Crawley,527313,137822,E92000001,E12000008,E14000652,,,,15903,95,1756,4753,362,268,27783,2546,1070,3643,724,59592
E07000227,Horsham,514696,122819,E92000001,E12000008,E14000534,,,,29417,54,1235,624,100,261,32645,2053,702,4474,604,74611
E07000228,Mid Sussex,531427,126224,E92000001,E12000008,E14000534,,,,31314,70,2549,623,188,281,32221,2164,627,5959,576,75994
E07000229,Worthing,513043,104470,E92000001,E12000008,E14001055,,,,16767,40,1426,1053,217,306,23647,2019,1763,5821,499,57781
E07000234,Bromsgrove,398961,273791,E92000001,E12000005,E14000605,,,,16436,23,647,370,180,119,25194,1505,287,2178,348,51896
E07000235,Malvern Hills,376452,253907,E92000001,E12000005,E14001035,,,,12483,15,276,171,38,149,18650,1103,426,2184,307,43686
E07000236,Redditch,403427,264902,E92000001,E12000005,E14000892,,,,9872,17,248,1333,478,134,24498,2477,594,2673,370,44342
E07000237,Worcester,385680,255359,E92000001,E12000005,E14001052,,,,13607,26,582,1064,290,217,25742,2510,1335,5833,425,52243
E07000238,Wychavon,396608,251844,E92000001,E12000005,E14000818,,,,19207,29,372,510,118,214,35289,2445,863,4080,534,68832
E07000239,Wyre Forest,381336,275771,E92000001,E12000005,E14001058,,,,10559,17,464,364,318,199,27431,2307,546,3254,331,55818
E07000240,St Albans,514441,209482,E92000001,E12000006,E14000749,,,,38594,243,2464,732,221,189,23272,1478,764,4371,543,75296
E07000241,Welwyn Hatfield,524698,209206,E92000001,E12000006,E14000606,,,,21001,399,2056,1238,615,230,24092,2071,1259,4651,538,61684
E07000242,East Hertfordshire,537205,220364,E92000001,E12000006,E14000744,,,,31278,322,3033,1012,232,211,32231,1821,600,5088,696,73634
E07000243,Stevenage,524559,224521,E92000001,E12000006,E14000845,,,,12876,105,1421,1219,365,199,22141,2220,894,3594,426,44035
E07000244,East Suffolk,636456,265500,E92000001,E12000006,E14000624,,,,27774,70,512,1237,332,633,58764,3653,3663,8273,1454,139694
E07000245,West Suffolk,578957,267629,E92000001,E12000006,E14000613,,,,21104,67,353,1056,309,404,51600,3729,2073,8080,848,90329
E07000246,Somerset West and Taunton,304672,132836,E92000001,E12000009,E14000988,,,,19392,25,229,1019,181,456,37421,2809,2563,8483,715,84151
E08000002,Bury,379434,410155,E92000001,E12000002,E14000611,,,,26579,2163,250,2864,1156,236,43946,3575,928,5907,879,105369
E08000003,Manchester,384645,394923,E92000001,E12000002,E14000571,,,,73964,6152,2848,23669,3654,462,82379,8217,7305,22647,2986,317655
E08000004,Oldham,396668,406152,E92000001,E12000002,E14000871,,,,20903,2478,466,4566,1876,252,51845,5769,753,7975,1324,143882
E08000005,Rochdale,389646,413331,E92000001,E12000002,E14000747,,,,20151,829,804,4612,1936,305,51996,5249,809,6731,1038,129314
E08000006,Salford,375503,399266,E92000001,E12000002,E14000571,,,,39039,2028,1277,8417,1839,383,52459,5037,2750,13107,1269,142317
E08000007,Stockport,391577,388561,E92000001,E12000002,E14000627,,,,50157,289,2142,5417,745,366,64214,4588,2303,8377,1210,154967
E08000008,Tameside,395938,397900,E92000001,E12000002,E14000537,,,,25970,895,1326,5818,1013,336,55422,4889,1199,7739,1047,125417
E08000009,Trafford,376532,391465,E92000001,E12000002,E14000532,,,,45450,2476,520,3068,771,230,46255,3126,2499,6204,959,123494
E08000010,Wigan,361033,403243,E92000001,E12000002,E14000580,,,,34432,61,1227,5514,1172,597,89571,8167,1850,10678,1345,174716
E08000011,Knowsley,344694,392430,E92000001,E12000002,E14000775,,,,14880,51,1758,4655,1340,168,35442,4322,1188,4880,811,85027
E08000012,Liverpool,339133,389144,E92000001,E12000002,E14000708,,,,53721,538,5138,22387,3607,592,81901,10160,4862,20234,2609,280338
E08000013,St. Helens,352124,396102,E92000001,E12000002,E14000962,,,,18973,29,951,2931,914,289,47168,4802,966,4823,776,100625
E08000014,Sefton,332846,408176,E92000001,E12000002,E14000581,,,,34750,176,3911,4966,1702,419,59614,6145,2626,8920,1367,154635
E08000015,Wirral,327405,386273,E92000001,E12000002,E14000559,,,,37299,332,3643,6123,1290,598,71581,6033,1874,9101,1626,180696
E08000016,Barnsley,431083,404470,E92000001,E12000003,E14000541,,,,22340,37,904,4733,699,432,66305,6962,738,7575,956,132892
E08000017,Doncaster,460041,405684,E92000001,E12000003,E14000667,,,,25503,61,1171,6288,1563,433,79823,9293,2475,9796,1452,170248
E08000018,Rotherham,447556,390471,E92000001,E12000003,E14000903,,,,24750,196,481,4959,1084,402,70478,6792,893,6618,1148,148004
E08000021,Newcastle upon Tyne,421988,568195,E92000001,E12000001,E14000831,,,,37529,2337,794,11887,1634,235,48488,5485,2883,12324,1481,175047
E08000022,North Tyneside,430940,570503,E92000001,E12000001,E14000853,,,,30738,3041,681,4343,791,294,43934,4121,1885,6177,1260,111702
E08000023,South Tyneside,435717,563346,E92000001,E12000001,E14000765,,,,14779,2230,585,3360,299,212,31575,2883,1123,4273,1189,85268
E08000024,Sunderland,435242,554109,E92000001,E12000001,E14001020,,,,27418,1066,520,7848,888,305,60684,6697,1499,8803,1423,157021
E08000025,Birmingham,408620,287849,E92000001,E12000005,E14000565,,,,114058,977,9220,43123,6673,1118,202963,21557,5741,31483,5505,702501
E08000026,Coventry,432736,280037,E92000001,E12000005,E14000649,,,,38674,151,1457,10947,2261,475,70234,9844,2817,11501,1782,195181
E08000027,Dudley,392753,287253,E92000001,E12000005,E14000671,,,,31434,126,1889,6125,1474,563,85285,7105,1263,8127,1249,178848
E08000028,Sandwell,399516,290879,E92000001,E12000005,E14000722,,,,26347,1401,2593,11938,2306,523,74590,8791,1704,9223,1656,200760
E08000029,Solihull,418611,279457,E92000001,E12000005,E14000812,,,,35366,69,1563,3673,618,243,47002,3509,1000,4128,768,118301
E08000030,Walsall,402370,300150,E92000001,E12000005,E14000531,,,,22044,270,1101,7237,1532,414,68776,6944,1415,7690,1111,165591
E08000031,Wolverhampton,391927,299026,E92000001,E12000005,E14001049,,,,21002,1157,1672,6938,2102,342,60083,7188,1718,7890,1218,152418
E08000032,Bradford,409656,438737,E92000001,E12000003,E14000925,,,,55396,131,4160,10377,5915,527,109677,12631,1525,18230,2568,325274
E08000033,Calderdale,401827,424977,E92000001,E12000003,E14000614,,,,27280,49,1158,3740,1110,286,46448,4332,665,7430,887,113250
E08000034,Kirklees,415745,414567,E92000001,E12000003,E14000548,,,,49908,101,2095,6960,3403,604,101008,9250,1378,13453,1923,243131
E08000035,Leeds,432624,436701,E92000001,E12000003,E14000777,,,,126585,249,3950,27152,5362,913,156227,15050,5190,29819,3567,437891
E08000036,Wakefield,438985,418409,E92000001,E12000003,E14000836,,,,36965,58,1555,6240,2150,632,92253,9602,1834,11976,1377,188729
E08000037,Gateshead,420364,560133,E92000001,E12000001,E14000574,,,,23427,1528,391,7201,774,233,40957,4249,1092,6677,990,108632
E09000001,City of London,532539,181164,E92000001,E12000007,E14000639,,,,3602,349,95,132,21,13,124,13,191,758,54,3232
E09000002,Barking and Dagenham,548056,184924,E92000001,E12000007,E14000540,,,,19572,15301,8660,9690,542,599,30732,2392,1218,4464,1416,124280
E09000003,Barnet,524095,192314,E92000001,E12000007,E14000703,,,,79628,20758,4690,15090,872,1197,46797,3169,2162,9361,2451,203170
E09000004,Bexley,548955,175730,E92000001,E12000007,E14000558,,,,40692,2838,12164,7763,688,767,42503,2919,995,5258,1396,128489
E09000005,Brent,520189,185924,E92000001,E12000007,E14000592,,,,48987,24200,8267,21439,886,1801,34917,3220,4074,11000,2206,178819
E09000006,Bromley,542864,165667,E92000001,E12000007,E14000551,,,,75511,3146,15214,8069,593,966,45304,2852,1784,7029,1654,167869
E09000007,Camden,527931,184580,E92000001,E12000007,E14000727,,,,58110,10351,2852,6532,733,546,7074,510,3993,10620,1190,107625
E09000008,Croydon,533300,163557,E92000001,E12000007,E14000656,,,,70976,8146,17229,19903,884,1454,52381,3507,2422,10018,2489,201312
E09000009,Ealing,515931,181701,E92000001,E12000007,E14000674,,,,63137,20319,5788,18840,761,1531,42941,3082,5026,11236,2365,192088
E09000010,Enfield,532411,196432,E92000001,E12000007,E14000691,,,,44977,12557,7138,15289,819,788,46721,3146,2040,8213,2177,186120
E09000011,Greenwich,542847,177046,E92000001,E12000007,E14000690,,,,57959,13632,12376,15318,635,882,28623,2160,2688,7001,1660,146134
E09000013,Hammersmith and Fulham,523529,178905,E92000001,E12000007,E14000629,,,,51319,11578,2376,7504,595,994,7781,514,4915,9439,1078,85064
E09000014,Haringey,531225,189614,E92000001,E12000007,E14000752,,,,55767,21629,5273,15341,626,1107,18436,1457,5226,7920,1599,129857
E09000015,Harrow,514912,190121,E92000001,E12000007,E14000731,,,,45175,15605,4721,8673,516,590,37918,3223,915,6146,1555,136166
E09000016,Havering,554032,187245,E92000001,E12000007,E14000657,,,,41654,8363,8721,6949,739,609,45890,3357,848,6101,1550,137271
E09000017,Hillingdon,507905,183585,E92000001,E12000007,E14000737,,,,45193,9362,3714,13357,670,772,55421,3711,1627,7226,1752,163104
E09000018,Hounslow,513589,175668,E92000001,E12000007,E14000593,,,,45047,10046,5086,18538,635,1199,40771,3043,4056,8614,1767,149381
E09000019,Islington,531145,185005,E92000001,E12000007,E14000763,,,,64530,11099,3063,9346,689,620,7871,552,6133,9922,1146,101619
E09000020,Kensington and Chelsea,525606,179504,E92000001,E12000007,E14000768,,,,40010,6659,1164,4057,1003,568,5331,487,2377,6820,962,73935
E09000021,Kingston upon Thames,519327,166705,E92000001,E12000007,E14000770,,,,39251,1457,4946,5519,228,705,21101,1396,2379,6364,802,83915
E09000022,Lambeth,530807,174499,E92000001,E12000007,E14000673,,,,91770,18743,8531,21125,809,1464,16994,1013,9711,10713,1945,134835
E09000023,Lewisham,537676,174051,E92000001,E12000007,E14000787,,,,69977,10775,14407,17148,628,1011,24709,1529,5569,8146,1813,144841
E09000024,Merton,525579,169458,E92000001,E12000007,E14001040,,,,48419,12159,5293,9251,385,1152,22618,1630,3237,6683,1238,103124
E09000025,Newham,541466,182855,E92000001,E12000007,E14000679,,,,47737,38371,14011,14821,802,1063,28349,2373,3757,9818,2344,187591
E09000026,Redbridge,543919,189405,E92000001,E12000007,E14000760,,,,49406,20627,8539,8172,850,638,40221,2978,1566,6768,1862,168633
E09000027,Richmond upon Thames,517367,172867,E92000001,E12000007,E14000896,,,,57322,2897,4319,3929,276,649,17106,962,3888,5386,832,97713
E09000028,Southwark,533829,176738,E92000001,E12000007,E14000615,,,,80842,14000,7054,23288,791,1132,14701,882,9537,12998,1723,140689
E09000029,Sutton,526964,164120,E92000001,E12000007,E14000621,,,,38024,3815,6442,6899,436,952,36070,2412,1561,6484,1129,105415
E09000030,Tower Hamlets,536495,181509,E92000001,E12000007,E14000882,,,,78219,21452,7111,9010,896,787,14106,985,7208,13900,1721,154914
E09000031,Waltham Forest,537726,190195,E92000001,E12000007,E14000634,,,,52765,25097,6810,10142,762,858,27532,1974,4975,7773,1684,138054
E09000032,Wandsworth,526055,174145,E92000001,E12000007,E14000549,,,,107639,16503,7948,13863,821,1747,17724,1041,9146,12338,1671,137064
E09000033,Westminster,527739,181005,E92000001,E12000007,E14000639,,,,56766,9768,2080,7075,993,569,6703,542,3600,12238,1409,102494
W06000001,Isle of Anglesey,241795,379205,W92000004,W92000004,W07000041,,,,6573,6,119,463,92,115,17915,1354,279,2005,281,39676
W06000002,Gwynedd,263903,334963,W92000004,W92000004,W07000057,,,,12259,24,198,1266,125,135,29336,2268,532,5292,385,65575
W06000003,Conwy,283987,361802,W92000004,W92000004,W07000058,,,,11381,28,291,1441,170,170,28296,1971,540,3895,543,66018
W06000004,Denbighshire,309404,355776,W92000004,W92000004,W07000059,,,,8600,13,236,989,189,159,24399,2032,504,3349,376,54971
W06000005,Flintshire,322419,369649,W92000004,W92000004,W07000043,,,,16269,27,258,1674,356,365,45411,3769,1126,3996,571,81142
W06000006,Wrexham,331795,344142,W92000004,W92000004,W07000044,,,,11277,14,223,1525,687,238,38061,4361,683,4242,496,73312
W06000008,Ceredigion,258574,263991,W92000004,W92000004,W07000064,,,,9524,21,65,394,91,102,15398,1000,269,3007,251,41356
W06000009,Pembrokeshire,201312,221152,W92000004,W92000004,W07000065,,,,12179,30,145,542,200,183,32274,2326,333,4001,553,70595
W06000010,Carmarthenshire,251227,224511,W92000004,W92000004,W07000045,,,,19243,39,361,879,304,241,50785,3790,463,5138,706,105946
W06000011,Swansea,257445,195641,W92000004,W92000004,W07000048,,,,25495,53,440,2859,812,334,56355,5259,1101,6984,919,137877
W06000012,Neath Port Talbot,279564,199348,W92000004,W92000004,W07000049,,,,12464,20,445,976,274,250,37320,3079,548,3294,517,83100
W06000013,Bridgend,289150,185340,W92000004,W92000004,W07000073,,,,14375,24,655,939,355,225,39608,3131,380,3776,516,81504
W06000014,Vale of Glamorgan,302809,172697,W92000004,W92000004,W07000078,,,,20395,38,1363,925,222,214,30055,2064,626,3510,506,72024
W06000015,Cardiff,316778,179542,W92000004,W92000004,W07000051,,,,57855,101,1962,7568,1018,453,64333,5581,4664,15381,1523,201869
W06000016,Rhondda Cynon Taf,300745,195665,W92000004,W92000004,W07000074,,,,22563,38,1906,2752,246,283,62494,6183,402,5742,781,134262
W06000018,Caerphilly,316753,195610,W92000004,W92000004,W07000077,,,,18473,17,1190,1680,360,288,46223,4229,394,4038,547,98513
W06000019,Blaenau Gwent,317699,208201,W92000004,W92000004,W07000072,,,,4036,8,137,437,142,113,19735,2129,118,1746,198,38105
W06000020,Torfaen,327301,200555,W92000004,W92000004,W07000053,,,,9051,14,189,896,359,182,25181,2129,199,2184,270,51621
W06000021,Monmouthshire,340238,206911,W92000004,W92000004,W07000054,,,,14708,30,238,202,99,141,22432,1349,333,2964,336,50127
W06000022,Newport,333448,186541,W92000004,W92000004,W07000055,,,,20385,22,716,2004,1093,250,37870,4040,969,4784,656,86803
W06000023,Powys,303993,270454,W92000004,W92000004,W07000063,,,,18698,20,147,297,87,154,33599,1961,536,5669,557,71443
E07000142,West Lindsey,501339,389522,E92000001,E12000004,E14000707,,,,10950,16,166,287,108,173,24887,1549,563,3063,374,53017
E07000147,North Norfolk,613546,332832,E92000001,E12000006,E14000603,,,,10106,36,289,367,106,268,23868,1398,808,3865,545,61321
E07000168,Scarborough,488815,497619,E92000001,E12000003,E14000913,,,,8837,23,266,1299,213,264,23934,2449,904,7736,624,62186
E07000174,Mansfield,455327,364075,E92000001,E12000004,E14000810,,,,8757,30,203,1827,607,236,31438,3841,594,3332,504,59115
E07000198,Staffordshire Moorlands,401331,353540,E92000001,E12000005,E14000966,,,,10949,13,97,410,131,151,27416,1995,315,3141,415,50810
E07000202,Ipswich,616698,244356,E92000001,E12000006,E14000624,,,,16664,34,559,2478,461,451,32133,3843,2141,7573,691,72616
E07000214,Surrey Heath,492648,161313,E92000001,E12000008,E14000983,,,,18509,35,681,521,92,190,20502,1308,484,2634,407,45090
E08000001,Bolton,369187,409211,E92000001,E12000002,E14000578,,,,29568,181,1618,4778,2583,425,67803,6830,1057,9226,1370,170525
E08000019,Sheffield,430011,389797,E92000001,E12000003,E14000922,,,,69654,2698,1747,17868,2850,615,109419,10550,3530,20612,2464,314514
E09000012,Hackney,534348,185478,E92000001,E12000007,E14000720,,,,66844,10239,4991,13995,962,672,11646,851,10011,12698,1401,124838
E07000075,Rochford,594750,191782,E92000001,E12000006,E14000899,,,,14659,60,1877,565,116,166,19583,1200,278,1752,405,45003
E07000077,Uttlesford,556816,228707,E92000001,E12000006,E14000910,,,,18011,125,991,294,89,127,21785,1131,319,2453,415,45598
E07000105,Ashford,596857,139969,E92000001,E12000008,E14000704,,,,19120,83,1575,1177,152,221,32389,2552,1186,4533,626,69132
W06000024,Merthyr Tydfil,306153,205467,W92000004,W92000004,W07000068,,,,4666,11,278,744,327,46,15547,2040,81,1682,215,33204